"simCAlpha","fitAlpha","simBeta","fitBeta","BIC"
NA,NA,NA,NA,NA
0,0,1,0,275.297213717955
0,0,2,0,275.297213717955
0,0,3,0,275.297213717955
0,0,4,0,275.297213717955
0,0.0728012017811371,5,0.841467205466447,272.413299415438
0,0,6,0,275.297213717955
0,0,7,0,275.297213717955
0,0.104433430449815,8,0.433682550725587,274.627654387804
0,0,9,0,275.297213717955
0,0.00488072788085381,10,6.86631341861071,271.869770005523
0.111111111111111,0,1,0,275.297213717955
0.111111111111111,0.0957473357564529,2,2.48865604134359,246.563136800507
0.111111111111111,0.157994265063769,3,3.01254935114965,191.206320726042
0.111111111111111,0.11739207534622,4,3.81282841427573,208.007629748776
0.111111111111111,0.0884785998512987,5,4.63216576444569,188.176531216661
0.111111111111111,0.09014091390496,6,6.83484100941951,134.195516264728
0.111111111111111,0.114208685562015,7,7.80992536520229,113.032302181422
0.111111111111111,0.0999206734556416,8,7.20179985207046,121.210060834086
0.111111111111111,0.0875625247388071,9,9.97694402181331,93.3904503581746
0.111111111111111,0.119721970588206,10,10,52.4563809227108
0.222222222222222,0,1,0,275.297213717955
0.222222222222222,0.318302469475366,2,2.35298180747846,217.444673125334
0.222222222222222,0.18056385613028,3,2.33073903763505,232.681797010069
0.222222222222222,0.151993959881272,4,4.30650754775258,175.729286940081
0.222222222222222,0.271312867348235,5,4.67682257797449,148.244532344536
0.222222222222222,0.331712166219969,6,5.00835085917451,113.77166021955
0.222222222222222,0.251158715463835,7,6.6391849118745,76.3761613476116
0.222222222222222,0.219528584992877,8,7.02046578552013,84.3706643961172
0.222222222222222,0.238681998583783,9,8.71815901862053,67.697184140492
0.222222222222222,0.190740354209725,10,10,50.7241448826147
0.333333333333333,0,1,0,275.297213717955
0.333333333333333,0.204121538181906,2,2.59841023381064,218.161180994551
0.333333333333333,0.327913962596195,3,3.79185954084614,168.525245541147
0.333333333333333,0.349521541022161,4,3.64269243127569,141.7954812184
0.333333333333333,0.340549875449988,5,4.23895824326285,155.017452495451
0.333333333333333,0.386769268470197,6,5.78039451618329,99.2977534670156
0.333333333333333,0.322393738613499,7,8.87175276479645,58.5417281771072
0.333333333333333,0.339760689339886,8,6.0935567505181,82.0081026736079
0.333333333333333,0.338652313239933,9,10,50.2179558076258
0.333333333333333,0.262299437525524,10,10,30.3995619031784
0.444444444444444,0,1,0,275.297213717955
0.444444444444444,0.3240069152521,2,2.17876122364872,216.002743253696
0.444444444444444,0.344585655580627,3,3.42266326024207,177.844370497428
0.444444444444444,0.372904354821268,4,4.56843291413952,131.095324460041
0.444444444444444,0.400935752762809,5,7.60374411697877,84.0869090673953
0.444444444444444,0.478703658100645,6,5.92687622750963,103.677976674409
0.444444444444444,0.439628006158296,7,5.77551102228897,106.892869793606
0.444444444444444,0.420320143872811,8,10,54.2282342136376
0.444444444444444,0.41237792024049,9,7.46303728290618,70.3708837686906
0.444444444444444,0.391804010704457,10,10,41.2477047516712
0.555555555555556,0.159731352282975,1,1.68725153452328,250.356503063583
0.555555555555556,0.530465407484053,2,2.6088062770983,184.195015013008
0.555555555555556,0.734536037189246,3,3.24520512330831,134.27584246636
0.555555555555556,0.495362665729789,4,4.79081196044424,98.492565169855
0.555555555555556,0.556560361377747,5,6.81582654124811,57.4071513407624
0.555555555555556,0.557919999256282,6,6.07436736095318,66.7900099068328
0.555555555555556,0.563116571992734,7,4.36473510230535,97.9316554000662
0.555555555555556,0.649662675122951,8,7.11549050991471,39.9870324489502
0.555555555555556,0.618868543022244,9,9.41503345843459,29.1040994629665
0.555555555555556,0.538533058351133,10,9.79936033142395,35.3293655820863
0.666666666666667,0.86065550401731,1,0.906034870652247,260.267956118132
0.666666666666667,0.767365885468539,2,2.26299240379066,182.427623447501
0.666666666666667,0.593853167697955,3,3.21350874313288,154.838774648583
0.666666666666667,0.583991068025068,4,4.53001596903212,117.385227324104
0.666666666666667,0.573967987773389,5,8.21098821467031,45.8338476044295
0.666666666666667,0.67190530915318,6,6.63079669077306,46.4746547510053
0.666666666666667,0.621557332466665,7,8.19230771338832,34.8312343036535
0.666666666666667,1,8,10,11.9271613030137
0.666666666666667,0.6012165243482,9,10,25.5030586017122
0.666666666666667,1,10,10,11.9271613030137
0.777777777777778,0.93936793325357,1,0.769070834475394,263.518996839992
0.777777777777778,0.953645511491473,2,1.83503592499675,203.516566089464
0.777777777777778,0.899271287926451,3,3.44057110245192,97.14194129769
0.777777777777778,0.8862232661294,4,3.36618325556897,103.440097791989
0.777777777777778,0.889079939978109,5,4.14416775518325,69.4140353537763
0.777777777777778,1,6,4.93806476945,35.6962492152053
0.777777777777778,1,7,10,11.9271613030137
0.777777777777778,1,8,10,11.9271613030137
0.777777777777778,1,9,10,11.9271613030137
0.777777777777778,1,10,10,11.9271613030137
0.888888888888889,0,1,0,275.297213717955
0.888888888888889,0,2,2.21503976395684,275.297213717955
0.888888888888889,0.758089852036675,3,3.60913857015726,100.263057857903
0.888888888888889,0.812032415061918,4,3.91232912563763,88.6703111195366
0.888888888888889,0.978225173272162,5,4.58312143431779,45.1047746794281
0.888888888888889,1,6,10,11.9271613030137
0.888888888888889,1,7,5.64190787054279,25.1957000198543
0.888888888888889,1,8,10,11.9271613030137
0.888888888888889,1,9,10,11.9271613030137
0.888888888888889,1,10,10,11.9271613030137
1,0,1,0,275.297213717955
1,0.967036794252107,2,2.28707613863345,167.536459647491
1,0.974881483921238,3,2.66408177964852,138.477802648069
1,0.784462481357033,4,4.74054185427231,59.8095950260721
1,1,5,5.64190723512384,25.1957000198537
1,1,6,10,11.9271613030137
1,1,7,10,11.9271613030137
1,1,8,10,11.9271613030137
1,1,9,10,11.9271613030137
1,1,10,10,11.9271613030137
0,0,1,0,275.297213717955
0,0,2,0,275.297213717955
0,0,3,0,275.297213717955
0,0.391905596184638,4,0.308925198691864,274.244206355297
0,0,5,0,275.297213717955
0,0,6,0,275.297213717955
0,0,7,0,275.297213717955
0,0,8,0,275.297213717955
0,0,9,0,275.297213717955
0,0,10,0,275.297213717955
0.111111111111111,0.100309629367555,1,1.37387914549075,264.481354872279
0.111111111111111,0.201784645010166,2,1.39225341589608,257.773298714214
0.111111111111111,0.0802507375998088,3,3.16572995140405,231.471948815899
0.111111111111111,0.062612599072454,4,7.29432835867211,203.311462573667
0.111111111111111,0.11587538242356,5,4.76865175620858,149.150170119791
0.111111111111111,0.0775579476700058,6,9.52333517039876,93.2329643618628
0.111111111111111,0.0885024007752564,7,6.34348351912642,151.895899117694
0.111111111111111,0.114874273242665,8,6.81650924975877,127.673480473129
0.111111111111111,0.0997943401911084,9,10,48.0874929006712
0.111111111111111,0.102521557766657,10,10,62.5336648627312
0.222222222222222,0.410074201551289,1,0.91543502502109,263.838420123676
0.222222222222222,0.483685834100535,2,1.76271850296881,228.791915036174
0.222222222222222,0.27722220875446,3,2.32701571437623,222.938332537415
0.222222222222222,0.270457655143117,4,4.69552571549821,143.982757163366
0.222222222222222,0.259356767753193,5,8.95812453062718,47.5719457730321
0.222222222222222,0.288442043250159,6,7.95510344774453,68.3274189125786
0.222222222222222,0.261466163044544,7,8.05317071968179,60.898929078984
0.222222222222222,0.236171688721687,8,9.62579491680476,57.5208406772915
0.222222222222222,0.229031771699089,9,10,56.8212866790974
0.222222222222222,0.207905988232612,10,10,58.2207451795014
0.333333333333333,0.137798819596484,1,1.01644836761333,268.506568137516
0.333333333333333,0.205686017770021,2,1.78735992058282,237.911458652592
0.333333333333333,0.265455593596269,3,2.79257927265896,206.996983855326
0.333333333333333,0.329830619116055,4,4.01099236792544,149.404271444797
0.333333333333333,0.303930029961784,5,6.12603448495888,96.9954698681474
0.333333333333333,0.375012477174936,6,8.12303399957721,66.8216399963885
0.333333333333333,0.295294922569932,7,8.12788547703399,77.3145474365403
0.333333333333333,0.295837547941057,8,10,49.1215013307184
0.333333333333333,0.285494724206222,9,9.3956978591653,57.8327189399272
0.333333333333333,0.36127497692827,10,8.17147163165841,79.0583348018852
0.444444444444444,0.82447360248158,1,0.581775085954752,269.614387316982
0.444444444444444,0.558779754549245,2,1.88040011273306,232.501248181484
0.444444444444444,0.403181912735189,3,3.19123584764405,178.645849774235
0.444444444444444,0.440098544924071,4,3.68716608394583,159.990211703039
0.444444444444444,0.475351109171913,5,5.27997805652467,87.1161234034334
0.444444444444444,0.444809650822972,6,7.88554458500396,59.5016469701915
0.444444444444444,0.41139736369008,7,7.44364686932347,67.5481553749246
0.444444444444444,0.450385340297705,8,10,46.3960578168977
0.444444444444444,0.471807936520789,9,7.82865470100311,69.4313610412827
0.444444444444444,0.530393966764662,10,10,33.9206485882613
0.555555555555556,0.473942433017037,1,1.42946452522122,251.034691113979
0.555555555555556,0.941759772519576,2,1.55250569507237,223.189599770478
0.555555555555556,0.511178965122566,3,2.88642048688878,176.199551555042
0.555555555555556,0.466897996506564,4,3.69406794380581,159.457511718456
0.555555555555556,0.614493606536746,5,4.47776388233646,97.6885141015635
0.555555555555556,0.511255578536335,6,6.96438685085005,75.2066532945508
0.555555555555556,0.610854949236003,7,6.39525892073761,51.5408867282836
0.555555555555556,0.525508602895351,8,6.79715931175894,69.6021422365195
0.555555555555556,0.551356758689725,9,9.27999426263569,43.3376924466179
0.555555555555556,0.754304635706532,10,6.58280832297756,33.4664809125424
0.666666666666667,0.601054342034686,1,1.39600150618084,245.266685937594
0.666666666666667,0.736653449638721,2,1.60532710537516,234.723241250041
0.666666666666667,0.688537230479891,3,2.69294025575976,173.17663666465
0.666666666666667,0.63187151845966,4,3.92050857897851,126.674119143762
0.666666666666667,0.647029764394283,5,5.58559344667822,70.1795711685938
0.666666666666667,0.622264509328732,6,7.00757423051075,45.94925226093
0.666666666666667,0.760377971079881,7,4.5680491921127,73.7782626662997
0.666666666666667,0.66320076670847,8,7.42519210516576,28.7627175725393
0.666666666666667,0.641330995012529,9,10,20.2283590913943
0.666666666666667,1,10,10,11.9271613030137
0.777777777777778,0.54565044591171,1,1.36627075832153,250.69679623052
0.777777777777778,0.668176491057111,2,2.11540847353287,206.313819682526
0.777777777777778,0.638542463307605,3,3.5896314784793,132.675230550053
0.777777777777778,0.757418505415881,4,4.11824333033649,86.6838022539148
0.777777777777778,0.808888477189712,5,5.74099984475014,34.5880211591438
0.777777777777778,0.83390046887905,6,6.37335080598333,24.5974112508232
0.777777777777778,0.887220855729601,7,6.09239962653725,24.8470547383497
0.777777777777778,0.601052846706303,8,8.57962538655063,36.0324522453476
0.777777777777778,1,9,10,11.9271613030137
0.777777777777778,1,10,10,11.9271613030137
0.888888888888889,1,1,0.736822225666179,263.585273079657
0.888888888888889,0.957338822901636,2,1.77111144599173,207.034240357248
0.888888888888889,0.727225044766146,3,3.45660094953613,121.864188432375
0.888888888888889,0.759833182613708,4,4.70875755448335,65.9435779058281
0.888888888888889,0.878824970714622,5,4.55875247626083,53.2567247188907
0.888888888888889,0.693620661418266,6,8.93013488109887,22.413340736404
0.888888888888889,0.651552660862051,7,10,20.8876931175664
0.888888888888889,1,8,10,11.9271613030137
0.888888888888889,0.91363504769147,9,6.01075834112927,24.9720205305482
0.888888888888889,1,10,10,11.9271613030137
1,0.989875102921319,1,1.33957937730939,234.603295909754
1,1,2,2.29802934784689,163.063888855244
1,1,3,2.9403822997589,116.311174169312
1,1,4,3.35573514143342,91.2151383576491
1,1,5,4.93806501284629,35.6962492152056
1,1,6,10,11.9271613030137
1,1,7,10,11.9271613030137
1,1,8,10,11.9271613030137
1,1,9,10,11.9271613030137
1,1,10,10,11.9271613030137
0,0,1,0,275.297213717955
0,0,2,0,275.297213717955
0,0,3,0,275.297213717955
0,0,4,0,275.297213717955
0,0,5,0,275.297213717955
0,0.0375892396239235,6,0,275.297213717955
0,0,7,0,275.297213717955
0,0,8,0,275.297213717955
0,0,9,0,275.297213717955
0,0,10,0,275.297213717955
0.111111111111111,0.307107287638452,1,0.996905240188011,265.584126832434
0.111111111111111,0.101604811466304,2,3.21572535352648,204.202832439569
0.111111111111111,0.132202496201128,3,2.75636985010328,226.665163008457
0.111111111111111,0.140941165901368,4,4.31845075457337,169.309455993852
0.111111111111111,0.107466675598643,5,4.99810132785774,159.714329642532
0.111111111111111,0.105725676959235,6,7.41513820939234,107.911103540317
0.111111111111111,0.121717496116202,7,7.93187459761916,108.376482119696
0.111111111111111,0.106933637325826,8,7.86812596930726,82.2549126842148
0.111111111111111,0.123590487595166,9,7.73704511354244,82.7631928025901
0.111111111111111,0.110904079263959,10,10,54.2334280785986
0.222222222222222,0,1,0,275.297213717955
0.222222222222222,0.449717445121178,2,1.93511198919171,230.470253351851
0.222222222222222,0.266801099517357,3,1.96403075406067,243.363414424891
0.222222222222222,0.243214030420723,4,4.75256667029929,131.66337154099
0.222222222222222,0.180838672060999,5,6.95440524448323,103.041874960359
0.222222222222222,0.142140168214149,6,6.56367395254547,106.262589867459
0.222222222222222,0.157061146544462,7,6.96296900453432,101.424175842517
0.222222222222222,0.231885418232097,8,8.66058247305681,80.2923474999699
0.222222222222222,0.239844950752022,9,8.9351069340396,53.4069127120754
0.222222222222222,0.221200481987291,10,10,44.9385576669105
0.333333333333333,0.467791281287726,1,0.899053770525459,265.079424381984
0.333333333333333,0.316958711066559,2,1.81435191876531,235.5018180738
0.333333333333333,0.29724591317617,3,2.63889176492779,211.04559137241
0.333333333333333,0.328711255573978,4,4.09453515814473,167.825282274362
0.333333333333333,0.4349856903928,5,4.7875355198095,103.28733465154
0.333333333333333,0.306545506284298,6,6.01524056997113,102.766505829978
0.333333333333333,0.318523866254897,7,6.73658674998398,70.1440903464205
0.333333333333333,0.264838226804576,8,8.28684731636776,45.1392272376268
0.333333333333333,0.340723845641375,9,8.66248438151452,48.4987179392255
0.333333333333333,0.338141224905135,10,7.46513318106885,55.714876715039
0.444444444444444,0,1,0,275.297213717955
0.444444444444444,0.608021952220766,2,1.43049408606252,245.190464327317
0.444444444444444,0.409420483817965,3,3.23383843755866,171.656070159861
0.444444444444444,0.422124600915483,4,3.77863382174462,173.351269045068
0.444444444444444,0.419095716153676,5,5.59187732369871,93.5544224702513
0.444444444444444,0.50303265042873,6,4.72884300512527,102.604662401587
0.444444444444444,0.471489668272388,7,6.1938941389982,86.5253527084883
0.444444444444444,0.445053522971098,8,8.99065095073001,53.4678564574205
0.444444444444444,0.416081603773055,9,10,26.6029862186626
0.444444444444444,0.465624506922081,10,8.96869706761368,58.2126202245578
0.555555555555556,0.0966606117408775,1,1.20551147830516,268.444733439431
0.555555555555556,0.749886620406094,2,1.37599658809522,244.245025033021
0.555555555555556,0.644510365027439,3,2.75601229844737,168.663223164684
0.555555555555556,0.666661905673568,4,4.15418425636077,100.841595364765
0.555555555555556,0.52303412367956,5,5.22986356365303,106.281208708936
0.555555555555556,0.65638172317301,6,5.32556505878629,69.2267816585014
0.555555555555556,0.532676433373939,7,10,33.0254015946761
0.555555555555556,0.491215875126865,8,10,41.6164363124403
0.555555555555556,0.641099625873795,9,10,20.1165268072944
0.555555555555556,0.585966837863246,10,7.9921785957209,38.0886384465695
0.666666666666667,1,1,0.993251764972999,253.197198753946
0.666666666666667,0.568423761774227,2,2.31748162534997,214.410683104596
0.666666666666667,0.877481313737992,3,2.3244574382094,175.194690514985
0.666666666666667,0.756401876330643,4,3.89904410527286,93.6030219777877
0.666666666666667,0.643445330024958,5,5.67329966096591,64.6517518668223
0.666666666666667,0.621800316783605,6,6.27272075629688,58.3560791673699
0.666666666666667,0.772923938155829,7,7.14997800568081,23.0234945381634
0.666666666666667,0.695774405175098,8,7.31802670235171,30.5926167994213
0.666666666666667,0.915494239116495,9,6.01038419988847,24.991636734203
0.666666666666667,0.731073081899256,10,6.58307344998662,32.6037412495596
0.777777777777778,0.556532387556758,1,1.46184528438733,244.614688511183
0.777777777777778,1,2,1.87180223796471,196.312443843203
0.777777777777778,0.96149947984671,3,2.83713139551345,127.68552261244
0.777777777777778,0.80229755595922,4,4.29737000133496,73.419741745112
0.777777777777778,0.638009731163803,5,5.27577900364294,76.0698181815736
0.777777777777778,0.797914475960681,6,5.8895137186846,34.5393358787667
0.777777777777778,0.641295939251448,7,10,20.4353609381762
0.777777777777778,1,8,10,11.9271613030137
0.777777777777778,1,9,10,11.9271613030137
0.777777777777778,1,10,10,11.9271613030137
0.888888888888889,0.649644665806134,1,1.03323926992446,259.413402248191
0.888888888888889,0.851447640329266,2,2.01725325716568,195.320509149316
0.888888888888889,0.835322561828939,3,3.14269094954715,120.332214875196
0.888888888888889,0.830999751825973,4,4.11212441182545,75.9472693264908
0.888888888888889,1,5,4.52178871508157,45.1287963322548
0.888888888888889,1,6,10,11.9271613030137
0.888888888888889,1,7,10,11.9271613030137
0.888888888888889,0.774630816942473,8,7.10282444921216,22.9897850418247
0.888888888888889,1,9,10,11.9271613030137
0.888888888888889,1,10,10,11.9271613030137
1,0.69161236292751,1,1.15044674328864,253.811945142637
1,1,2,1.87180222622052,196.312443843203
1,0.823182370256861,3,4.0593373344675,83.1872397225051
1,0.930523594977169,4,3.96521052939536,69.6655758327756
1,1,5,5.64190723519378,25.1957000198537
1,1,6,10,11.9271613030137
1,0.768216178649204,7,7.08185343040923,22.8561883001639
1,1,8,10,11.9271613030137
1,1,9,10,11.9271613030137
1,1,10,10,11.9271613030137
0,0,1,0,275.297213717955
0,0.528150676781742,2,0.552777675492871,271.672307621965
0,1,3,0.174941377484944,274.720927099957
0,0.0564566830006342,4,1.18026229262495,271.706149985239
0,0.391744635661142,5,0.103483222968763,275.182693462638
0,1,6,0,275.297213717955
0,0,7,0,275.297213717955
0,0.309540898553221,8,0,275.297213717955
0,0,9,0,275.297213717955
0,0.260284203385648,10,0.821399823232381,269.79953013496
0.111111111111111,1,1,0.421213412119225,271.720969576944
0.111111111111111,0.284572204194471,2,1.70640262809424,247.81494781344
0.111111111111111,0.13292170431668,3,3.47362978872802,209.677541276286
0.111111111111111,0.139550800371203,4,4.81733955332397,160.208525764115
0.111111111111111,0.0982598616398494,5,4.5069385816756,186.956320398004
0.111111111111111,0.100181319068414,6,6.24707446383989,129.89914911775
0.111111111111111,0.115218314580347,7,6.745749240443,141.43731691489
0.111111111111111,0.0871001829316391,8,7.48411131188617,143.673668305713
0.111111111111111,0.128334646785536,9,8.30770480426289,95.8721400363519
0.111111111111111,0.12520153065989,10,10,46.6019650672103
0.222222222222222,0.254245196819718,1,1.15797351538039,261.237233918952
0.222222222222222,0.421839314288259,2,1.42556690864304,248.499197438573
0.222222222222222,0.21494223177444,3,2.84300066840157,209.421700114962
0.222222222222222,0.209961731679771,4,4.2708178094767,152.597377358687
0.222222222222222,0.228081552022539,5,5.75919312088414,99.1068584725781
0.222222222222222,0.226635803053399,6,5.87482605733277,113.772219169735
0.222222222222222,0.240884607630778,7,7.85209893055728,61.467823755544
0.222222222222222,0.233797698446259,8,9.03495447301403,73.4741925704081
0.222222222222222,0.252358806473149,9,7.72272178292676,66.0277158385751
0.222222222222222,0.200546103845376,10,10,48.4690106817605
0.333333333333333,0,1,0,275.297213717955
0.333333333333333,0.183530204992267,2,2.6899619745892,212.618714183994
0.333333333333333,0.338761210476617,3,2.47174007074515,223.565284936609
0.333333333333333,0.360169425827868,4,3.84910265554416,154.960732271006
0.333333333333333,0.421313577693359,5,4.04936845317678,145.996273543527
0.333333333333333,0.308690578202885,6,6.34816651571511,95.3073734297717
0.333333333333333,0.317269483129257,7,8.04893615700613,64.4815642075594
0.333333333333333,0.338616296739286,8,9.51923793627518,61.5239574563252
0.333333333333333,0.328966931097578,9,8.13307930481257,63.1527733500006
0.333333333333333,0.351252351725788,10,8.32548930215208,62.1714736562736
0.444444444444444,0.335737677278708,1,0.515168639849273,272.955165699619
0.444444444444444,0.420441376939924,2,2.20697282648607,210.431406109699
0.444444444444444,0.461547097611378,3,3.0296037855626,165.163047765401
0.444444444444444,0.457932754006489,4,4.70978849439861,131.806817695103
0.444444444444444,0.44036563525871,5,6.4051695989676,65.7457879691155
0.444444444444444,0.443911869268873,6,5.31568522630113,76.8014665430383
0.444444444444444,0.465140429749201,7,7.46403842167213,77.8215290172389
0.444444444444444,0.43107344590309,8,10,38.6217367509749
0.444444444444444,0.437360981944636,9,7.99612537352997,54.6953859301389
0.444444444444444,0.474931826898006,10,10,35.0632828663834
0.555555555555556,0.194047210542267,1,1.65135554567894,254.850990685158
0.555555555555556,0.564452337288819,2,1.88569840133368,220.317558497468
0.555555555555556,0.451294438038458,3,2.89535217447851,176.927812803222
0.555555555555556,0.475254955174492,4,5.48928737815806,84.0225320415468
0.555555555555556,0.536648940760757,5,5.26617550336598,81.983979692774
0.555555555555556,0.547790029850194,6,8.46048525928299,50.9200116622387
0.555555555555556,0.518018901652871,7,5.10123008410761,93.9083371532133
0.555555555555556,0.564175429889316,8,10,28.2760647022533
0.555555555555556,0.564024551190002,9,8.09694866414579,48.05192619538
0.555555555555556,0.544851872181486,10,10,36.5122446209675
0.666666666666667,0.836243696948079,1,1.18107102410131,248.475217425835
0.666666666666667,0.399303157285993,2,2.12374098200026,216.621355265632
0.666666666666667,0.927890269265211,3,2.41844181136547,162.855754023004
0.666666666666667,0.657405378231984,4,3.93674535049252,120.887120260548
0.666666666666667,0.68926150278547,5,6.03215221185075,49.4073829552456
0.666666666666667,0.665952291407695,6,6.40753517772702,45.4399369247622
0.666666666666667,0.600897406938678,7,6.04911665776955,71.025490424701
0.666666666666667,0.578985289878367,8,10,30.7127527447586
0.666666666666667,1,9,10,11.9271613030137
0.666666666666667,0.669475154123519,10,7.03481022860161,39.0772454373851
0.777777777777778,0.841868121872373,1,1.08947971837597,252.640595185137
0.777777777777778,0.653167105921093,2,1.77197131535245,224.535596030199
0.777777777777778,0.706929860416769,3,3.59360946114162,122.064217761343
0.777777777777778,0.699151561577118,4,4.2758888709996,96.8707968814716
0.777777777777778,0.642497983634858,5,8.75893637322405,29.0830569231367
0.777777777777778,0.795454725626788,6,5.51704565715976,42.9291012604611
0.777777777777778,0.687997906277974,7,9.2457326946537,22.5887618273183
0.777777777777778,1,8,10,11.9271613030137
0.777777777777778,1,9,10,11.9271613030137
0.777777777777778,1,10,10,11.9271613030137
0.888888888888889,0.859978443945536,1,1.22002910820713,246.166169153983
0.888888888888889,0.861343682400948,2,2.13305863459961,187.549420124223
0.888888888888889,1,3,2.85400424642048,122.104670305823
0.888888888888889,1,4,4.22317748820277,53.8600077435973
0.888888888888889,0.683431440924734,5,6.54712927069404,41.1109506915125
0.888888888888889,1,6,10,11.9271613030137
0.888888888888889,1,7,5.64190744116868,25.1957000198538
0.888888888888889,1,8,10,11.9271613030137
0.888888888888889,1,9,10,11.9271613030137
0.888888888888889,1,10,10,11.9271613030137
1,1,1,0.604593742789343,267.6113626224
1,1,2,1.92097126459165,192.519823165325
1,1,3,3.35573524431514,91.2151383576494
1,1,4,3.98898418921435,62.0638976121707
1,1,5,10,11.9271613030137
1,1,6,10,11.9271613030137
1,1,7,10,11.9271613030137
1,0.907156316268943,8,6.02805668171877,24.9381216374684
1,1,9,10,11.9271613030137
1,1,10,10,11.9271613030137
0,0,1,0,275.297213717955
0,0.341089919859305,2,0,275.297213717955
0,0.837239544154453,3,0.358978053833317,273.169582907965
0,0,4,0,275.297213717955
0,0.450118817532319,5,0,275.297213717955
0,0,6,0,275.297213717955
0,0,7,0,275.297213717955
0,1,8,0.0689926571324388,275.210489792494
0,0,9,0,275.297213717955
0,0,10,0,275.297213717955
0.111111111111111,0,1,0,275.297213717955
0.111111111111111,0.0808146939601847,2,2.68538340843186,246.326595378971
0.111111111111111,0.0989144718606578,3,2.81488331192092,237.742194928973
0.111111111111111,0.12596456841304,4,4.4426845416494,167.305119620884
0.111111111111111,0.112542466497885,5,5.06667269064498,175.780500948615
0.111111111111111,0.166113761589881,6,6.4269850432204,104.104303342358
0.111111111111111,0.141335958907296,7,7.27598482707012,104.866352494182
0.111111111111111,0.10181377644552,8,10,73.6259155490753
0.111111111111111,0.127473187147535,9,9.40764761043692,74.0125793787409
0.111111111111111,0.132605864594813,10,10,54.0617635562069
0.222222222222222,0.197663045302952,1,1.24071372975806,264.393687661914
0.222222222222222,0.130000820919862,2,2.27627914019277,241.74792618234
0.222222222222222,0.227580799890154,3,3.24180131912423,183.075232798499
0.222222222222222,0.247958221248252,4,3.5073163398078,186.095813113227
0.222222222222222,0.254970076334393,5,4.90865072781358,109.4069816279
0.222222222222222,0.187709939471401,6,6.69109279702267,93.8864882644477
0.222222222222222,0.269838230032192,7,6.64197412709152,91.2311749540737
0.222222222222222,0.234887129278444,8,7.38106485900426,66.4558322664843
0.222222222222222,0.251365608722117,9,8.16235469078258,56.0152956662782
0.222222222222222,0.206013226109765,10,10,61.4112367258583
0.333333333333333,0.166890622010998,1,1.24473163825004,265.980601203222
0.333333333333333,0.239988241680912,2,2.26823656916108,223.421495273183
0.333333333333333,0.378526586601287,3,3.01232855429866,190.539505512137
0.333333333333333,0.291970369680692,4,5.50626751699243,124.734693993376
0.333333333333333,0.298766093374668,5,5.1534347852966,115.997509029622
0.333333333333333,0.321813433176077,6,6.96758120703923,89.8111585034617
0.333333333333333,0.360523650815369,7,5.9479099699908,82.0409022644034
0.333333333333333,0.289910355931651,8,7.72416318634872,62.978570958872
0.333333333333333,0.400349124839202,9,7.93699215932291,62.1641718149574
0.333333333333333,0.341473774744225,10,10,38.5819332747233
0.444444444444444,0,1,0,275.297213717955
0.444444444444444,0.220367195458831,2,2.77082243726395,205.571027103538
0.444444444444444,0.577389097109417,3,2.32303300964061,199.606139591832
0.444444444444444,0.471875103679503,4,5.32343591491385,92.0177023307643
0.444444444444444,0.450045115972784,5,4.30187092416813,125.157783230791
0.444444444444444,0.460186360253108,6,5.72908230391189,96.6770068882702
0.444444444444444,0.419755057665758,7,9.09203326441637,47.577218278676
0.444444444444444,0.411406262873405,8,9.36375890793344,51.2347921827594
0.444444444444444,0.42175347346885,9,10,37.8982201442539
0.444444444444444,0.457561869433367,10,8.33400525653695,60.5746686397443
0.555555555555556,0.709977242382178,1,0.665373514300128,269.114986664158
0.555555555555556,0.482012658827212,2,1.93474573782953,229.004416935712
0.555555555555556,0.49289459068135,3,3.6613236799206,139.122307101928
0.555555555555556,0.593576001792964,4,3.50712801744055,138.263165753792
0.555555555555556,0.586518719312581,5,5.46045411924765,92.0157259173899
0.555555555555556,0.549950019073454,6,6.38746447379051,63.5763871279652
0.555555555555556,0.608604580529951,7,6.02084780094244,63.7772253917821
0.555555555555556,0.56206871795171,8,6.0295430318326,71.6038254329263
0.555555555555556,0.596343439620438,9,8.73384337875129,36.075428445259
0.555555555555556,0.635070046371693,10,6.46238216150687,42.7322315926159
0.666666666666667,0.841028291314788,1,1.19213190863277,250.427420162695
0.666666666666667,0.697764610794645,2,2.28218344635418,190.05380930884
0.666666666666667,0.710323998969293,3,3.29977427282985,138.724239127786
0.666666666666667,0.673615857410807,4,4.07377763996952,107.558360634228
0.666666666666667,0.627428774448515,5,5.05483501419447,78.0590036165269
0.666666666666667,0.748459735160309,6,4.58534968875345,65.0235251085433
0.666666666666667,1,7,10,11.9271613030137
0.666666666666667,0.669006102526417,8,7.3773648742494,40.012471477919
0.666666666666667,1,9,10,11.9271613030137
0.666666666666667,0.685131480248734,10,9.35142462914391,21.8548453203479
0.777777777777778,0.471838683310506,1,0.991829694331389,261.217212613742
0.777777777777778,0.706911570935709,2,2.00085381657767,209.772806973379
0.777777777777778,0.782408903593936,3,3.02584755409216,139.872392990529
0.777777777777778,0.732508077358414,4,4.41325707931424,86.4888831340633
0.777777777777778,0.874619331292319,5,5.02900241257875,44.5473134964836
0.777777777777778,0.772604646973338,6,4.78315129683674,65.0301415709597
0.777777777777778,0.892757609999389,7,6.1994535925157,24.9871782108048
0.777777777777778,1,8,10,11.9271613030137
0.777777777777778,1,9,10,11.9271613030137
0.777777777777778,1,10,10,11.9271613030137
0.888888888888889,0.949364553846152,1,1.33112642240069,237.122475758412
0.888888888888889,1,2,2.12823178405141,176.335383812363
0.888888888888889,0.684522117717865,3,3.40554575813717,137.615973043069
0.888888888888889,1,4,3.48507923545585,84.376613815194
0.888888888888889,1,5,10,11.9271613030137
0.888888888888889,0.72551538479465,6,7.99985564832271,22.5087671826332
0.888888888888889,1,7,10,11.9271613030137
0.888888888888889,1,8,10,11.9271613030137
0.888888888888889,1,9,10,11.9271613030137
0.888888888888889,1,10,10,11.9271613030137
1,1,1,1.0354333817842,251.168501106915
1,1,2,1.92097138487208,192.519823165326
1,0.972831392227471,3,3.30609168996915,97.7426365400355
1,0.806794199903636,4,5.43694420412195,43.0039727687021
1,0.880493413958994,5,4.1557842159493,69.164219974489
1,1,6,10,11.9271613030137
1,1,7,10,11.9271613030137
1,1,8,10,11.9271613030137
1,1,9,10,11.9271613030137
1,1,10,10,11.9271613030137
0,0,1,0,275.297213717955
0,0.829127338788453,2,0,275.297213717955
0,0,3,0,275.297213717955
0,0,4,0,275.297213717955
0,1,5,0.0139861594381818,275.293713103582
0,0.391249552749512,6,0.360421104816751,273.884448582989
0,1,7,0.22612410477996,274.319677622604
0,0,8,0,275.297213717955
0,0,9,0,275.297213717955
0,0.317062640396094,10,0,275.297213717955
0.111111111111111,0,1,0,275.297213717955
0.111111111111111,0.120523415001898,2,2.11002819077401,238.470648828108
0.111111111111111,0.148745939424722,3,2.86718509926625,213.03363035901
0.111111111111111,0.117397141813167,4,4.13888241007573,200.313230359864
0.111111111111111,0.0728942925388579,5,4.76249170664918,211.646686279767
0.111111111111111,0.128504803234593,6,5.51741896340085,158.728853449366
0.111111111111111,0.12123165397849,7,7.44914181415181,86.191649324386
0.111111111111111,0.104542550161412,8,9.15679761512465,83.7083618714734
0.111111111111111,0.09782331345526,9,9.08535353036266,74.8603489352914
0.111111111111111,0.109366431270779,10,8.68491562390604,85.4968689904704
0.222222222222222,0.126772709955299,1,1.56499558053588,264.973100036753
0.222222222222222,0.419539450181752,2,1.94195231998731,232.055406383083
0.222222222222222,0.142610042818006,3,2.48955245839256,220.795539387312
0.222222222222222,0.27103797670617,4,4.28408847569791,156.467407809608
0.222222222222222,0.274900503329682,5,4.63682769727596,134.498343375086
0.222222222222222,0.242335172443009,6,5.75719491182351,130.705610324392
0.222222222222222,0.327595604315813,7,6.19537431720552,85.7050460093695
0.222222222222222,0.237930938553631,8,6.65046277032862,73.3036085779466
0.222222222222222,0.241660917767723,9,5.95711174397785,126.34306527651
0.222222222222222,0.203496560359685,10,9.13818261537572,62.2612479217923
0.333333333333333,0,1,0.681209551578411,275.297213717955
0.333333333333333,0.250388544168108,2,2.74167524404244,201.983026154163
0.333333333333333,0.404717922040097,3,2.73677298171667,201.565501994168
0.333333333333333,0.307540055717996,4,4.95350716611767,104.675195861554
0.333333333333333,0.352585045636408,5,4.95610559993659,103.468722831827
0.333333333333333,0.314243186084604,6,6.27786174260115,100.552584584979
0.333333333333333,0.330203212139843,7,6.55854802454707,91.0865615975617
0.333333333333333,0.360259506955504,8,8.84253620145095,60.5225145849965
0.333333333333333,0.319007584884,9,8.86016748807374,52.5129432844326
0.333333333333333,0.324754497502361,10,10,59.6855737830911
0.444444444444444,0.568206930117015,1,1.13713761635873,255.35078267384
0.444444444444444,0.238325141078975,2,1.61807907325274,249.583878628938
0.444444444444444,0.465554208579324,3,2.92720093419124,186.379509564854
0.444444444444444,0.593705405105595,4,3.51482457359795,144.357243175665
0.444444444444444,0.506190833004044,5,5.80479670871763,87.9420682638494
0.444444444444444,0.464553547678346,6,4.93198609828193,113.650797381347
0.444444444444444,0.495853391350894,7,8.28677255300672,51.9008114594666
0.444444444444444,0.425147127789959,8,9.02159328886104,59.7422740992538
0.444444444444444,0.420509117982236,9,9.24015262634047,62.6886620005714
0.444444444444444,0.417749776996605,10,10,47.9688366519903
0.555555555555556,0.98080700272417,1,0.874139531654164,258.77310661469
0.555555555555556,0.425555458344903,2,2.35632751257985,219.701325053637
0.555555555555556,0.668329079400703,3,2.83796349176915,160.895606535412
0.555555555555556,0.577198633573964,4,4.08863005087747,118.206422029532
0.555555555555556,0.552496115539718,5,5.12551193646225,104.200764464579
0.555555555555556,0.46722920837216,6,6.41232839356127,95.5669420340292
0.555555555555556,0.596137857451221,7,6.77253307431762,62.2012797255702
0.555555555555556,0.562468750215848,8,7.1987725957762,49.6130788415699
0.555555555555556,0.518836239721566,9,10,36.5759717040054
0.555555555555556,0.591864271505137,10,10,24.8544979409071
0.666666666666667,0.975646819353852,1,0.567222017186803,268.770634999987
0.666666666666667,0.784523177959867,2,1.68921198131684,221.598387323471
0.666666666666667,0.518609781528422,3,3.08139077656154,166.943506268087
0.666666666666667,0.70008256642947,4,3.40590689070328,125.517969274514
0.666666666666667,0.646881951804318,5,5.02923298866073,79.1960596892872
0.666666666666667,0.660598510262342,6,5.87786298066798,47.6247772880146
0.666666666666667,0.652842137368488,7,6.10537244491115,53.295970657096
0.666666666666667,0.650821204915328,8,10,20.799940991864
0.666666666666667,0.594120399526448,9,10,25.3055798280418
0.666666666666667,0.905409574981734,10,6.06246901389912,24.9730797346744
0.777777777777778,0.971389897090165,1,0.923175518066139,256.982297436309
0.777777777777778,0.981021780931055,2,1.84128289604846,199.992207065132
0.777777777777778,0.823104316830227,3,2.5027927694789,166.011373581491
0.777777777777778,0.574918563170014,4,5.27668802618862,91.0514512939296
0.777777777777778,0.790358520124228,5,5.13155903264238,51.3126125904811
0.777777777777778,0.870553772664451,6,5.03791422898562,44.4750049770613
0.777777777777778,1,7,5.64190723436269,25.1957000198537
0.777777777777778,1,8,10,11.9271613030137
0.777777777777778,1,9,10,11.9271613030137
0.777777777777778,1,10,10,11.9271613030137
0.888888888888889,1,1,0.993251764235433,253.197198753946
0.888888888888889,0.979865635576437,2,2.10165619803693,180.509896867189
0.888888888888889,1,3,2.85400423351663,122.104670305823
0.888888888888889,1,4,3.4850790042721,84.3766138151932
0.888888888888889,1,5,4.52178680876708,45.1287963322639
0.888888888888889,1,6,10,11.9271613030137
0.888888888888889,1,7,10,11.9271613030137
0.888888888888889,1,8,10,11.9271613030137
0.888888888888889,1,9,10,11.9271613030137
0.888888888888889,0.777374645444359,10,7.14404623824013,23.0950759747823
1,1,1,0.993251773661891,253.197198753946
1,1,2,1.68312567585714,210.524403035667
1,1,3,2.62210784884655,138.514881662506
1,1,4,3.63003913912103,77.2644451156932
1,1,5,4.93806478022994,35.6962492152053
1,1,6,4.93806478746565,35.6962492152053
1,1,7,10,11.9271613030137
1,1,8,10,11.9271613030137
1,1,9,10,11.9271613030137
1,0.764568713978913,10,7.30753394543905,24.5609015194184
0,0.819790865401493,1,0.585700433319122,269.523887638775
0,0,2,0,275.297213717955
0,0,3,0,275.297213717955
0,1,4,0.122602246717589,275.018672733939
0,0.116430094814534,5,0.884653024445267,270.266558927271
0,0,6,0,275.297213717955
0,0,7,0,275.297213717955
0,0,8,0,275.297213717955
0,0,9,0,275.297213717955
0,1,10,0.174941377623072,274.720927099957
0.111111111111111,0,1,0,275.297213717955
0.111111111111111,0.0933945039377966,2,2.66894173801352,237.376051311751
0.111111111111111,0.0824330493787575,3,3.45436543052207,228.754647723633
0.111111111111111,0.0888509119218793,4,4.49850440378952,186.932981820374
0.111111111111111,0.0861156516701791,5,5.47116509000725,195.997951908905
0.111111111111111,0.112066585506639,6,5.20282616080681,150.500416332653
0.111111111111111,0.111662059045375,7,7.47921174258298,111.289030022443
0.111111111111111,0.0952772594835313,8,9.46795574248149,99.8351053618817
0.111111111111111,0.102358646910073,9,8.40735752929942,75.9560957107222
0.111111111111111,0.118463436679487,10,9.69051041135531,66.8169064871172
0.222222222222222,0.0971284682379201,1,2.33951647343393,244.512533239823
0.222222222222222,0.0538421532826381,2,4.12193790452895,225.886707180843
0.222222222222222,0.182817852534959,3,3.72116269221369,190.605874973325
0.222222222222222,0.207201708774543,4,4.33483134140034,164.441397320961
0.222222222222222,0.201531386077188,5,5.5315563389135,116.510971319151
0.222222222222222,0.311577519185698,6,4.70834486464046,124.12000924699
0.222222222222222,0.227554709725422,7,6.16963191209224,107.726988272776
0.222222222222222,0.228725022172621,8,6.61747379009251,99.0484921671599
0.222222222222222,0.175463954232933,9,9.4629119257042,54.3086001484315
0.222222222222222,0.281736806342557,10,9.39096590890867,51.3105951003888
0.333333333333333,0.876156346808355,1,1.09301852276081,250.974225684747
0.333333333333333,0.31693871936187,2,1.58909161711015,245.957366130857
0.333333333333333,0.387748613027644,3,2.69615993008694,199.565901703783
0.333333333333333,0.495114251378309,4,2.9176617744103,179.37564518635
0.333333333333333,0.308499251864319,5,4.9039858554379,122.429345187751
0.333333333333333,0.389917863793694,6,5.67795828012012,105.748755494377
0.333333333333333,0.374987056668972,7,7.24542760770265,62.0273864913631
0.333333333333333,0.324797388165758,8,8.37187819635061,67.9678556718614
0.333333333333333,0.338109555326292,9,10,57.815946187628
0.333333333333333,0.33039782249743,10,8.66766418843684,48.4599679336715
0.444444444444444,0.599635123645013,1,1.00848409578442,260.226929021715
0.444444444444444,0.422212053237197,2,2.46216527656824,201.796988488882
0.444444444444444,0.381131254098155,3,2.98677900402757,192.052257968089
0.444444444444444,0.381366744759447,4,4.06480152925023,134.553048053853
0.444444444444444,0.376352144968682,5,4.68854616373303,112.414169011442
0.444444444444444,0.466646413337325,6,5.26899603746366,110.076914199281
0.444444444444444,0.44969195096119,7,6.63000934400674,79.5925992213854
0.444444444444444,0.47398449708629,8,10,51.0421174809112
0.444444444444444,0.464981399868103,9,8.63263321791597,51.3448448713543
0.444444444444444,0.427050961627735,10,8.40950812626382,58.589580173597
0.555555555555556,0,1,0,275.297213717955
0.555555555555556,0.710505158722495,2,1.74578306018736,227.077407711512
0.555555555555556,0.486071367688169,3,3.12231720805696,173.223098201544
0.555555555555556,0.576454762389222,4,3.62094296241073,138.726830116318
0.555555555555556,0.539128130283215,5,4.39300593083154,115.307995278106
0.555555555555556,0.724062848029393,6,5.17898761755165,63.7333458564601
0.555555555555556,0.571058686685525,7,6.92823428407609,51.9842658059566
0.555555555555556,0.542336405165489,8,9.5942727688231,40.9555719570629
0.555555555555556,0.561647559743296,9,10,35.2930693277283
0.555555555555556,0.590762861053033,10,10,24.5159655996466
0.666666666666667,0.538485670093554,1,0.912097351702462,262.465502285413
0.666666666666667,0,2,0,275.297213717955
0.666666666666667,0.72729739849456,3,2.59627460272778,174.389592454458
0.666666666666667,0.623234602027361,4,4.24381458482377,108.036645204932
0.666666666666667,0.655943473882737,5,5.11386962772758,73.764058644558
0.666666666666667,1,6,5.64190723461441,25.1957000198537
0.666666666666667,0.687581360372896,7,6.10143972880272,39.8680957948403
0.666666666666667,0.641386478879469,8,10,20.1866387895908
0.666666666666667,1,9,10,11.9271613030137
0.666666666666667,1,10,10,11.9271613030137
0.777777777777778,0.917486939821411,1,1.13816097990435,248.831483306449
0.777777777777778,0.736013843140738,2,2.17817364583059,192.591436987943
0.777777777777778,1,3,2.1832383494252,172.024157968779
0.777777777777778,0.956874655783098,4,3.14074254613698,110.237849379483
0.777777777777778,0.718668269409352,5,4.55294565051449,85.4328139905117
0.777777777777778,0.804779447553778,6,5.48166399934722,43.0938109414143
0.777777777777778,1,7,10,11.9271613030137
0.777777777777778,1,8,10,11.9271613030137
0.777777777777778,1,9,10,11.9271613030137
0.777777777777778,1,10,10,11.9271613030137
0.888888888888889,0.681321754400807,1,1.19921190449972,252.977581719578
0.888888888888889,1,2,1.92097126609559,192.519823165325
0.888888888888889,0.963473136012571,3,3.19032704504779,104.085530647371
0.888888888888889,0.794635189306241,4,3.75815295057559,101.915838710124
0.888888888888889,1,5,4.22317758642798,53.8600077435973
0.888888888888889,1,6,10,11.9271613030137
0.888888888888889,1,7,10,11.9271613030137
0.888888888888889,1,8,5.64190782253718,25.1957000198543
0.888888888888889,1,9,10,11.9271613030137
0.888888888888889,0.644231167605335,10,10,20.416767254554
1,0.386687125217812,1,1.21387275382801,259.005656405815
1,0.895801683078416,2,1.85361593478676,206.516542344557
1,0.941856896974862,3,2.9684578697496,121.901128314536
1,0.81401201293512,4,4.87547806655498,52.2251164454767
1,0.685917678545625,5,7.69698341048751,30.3109380907162
1,1,6,10,11.9271613030137
1,1,7,10,11.9271613030137
1,1,8,10,11.9271613030137
1,1,9,10,11.9271613030137
1,1,10,10,11.9271613030137
0,0.426948511612835,1,0,275.297213717955
0,0,2,0,275.297213717955
0,1,3,0.5140989024561,269.849466623745
0,0,4,0,275.297213717955
0,0.534587862990867,5,0,275.297213717955
0,0,6,0,275.297213717955
0,0,7,0,275.297213717955
0,0,8,0,275.297213717955
0,0,9,0,275.297213717955
0,0,10,0,275.297213717955
0.111111111111111,0.0716047458833493,1,1.43530182123989,270.145623361055
0.111111111111111,0.0895714906705831,2,2.1465150844118,242.455290337363
0.111111111111111,0,3,0,275.297213717955
0.111111111111111,0.08531431114393,4,5.09654710362239,172.366365003089
0.111111111111111,0.114311247148609,5,3.81435195863213,209.876841904262
0.111111111111111,0.1138426139931,6,6.25094477739368,106.234604678856
0.111111111111111,0.128753521743075,7,7.03757253263915,95.6589085547562
0.111111111111111,0.170050560733884,8,7.60755642193383,79.8589461293218
0.111111111111111,0.0917869027007484,9,10,75.6305723840132
0.111111111111111,0.119121363840839,10,10,54.8456309673268
0.222222222222222,0.268488687708663,1,1.15760373453985,258.925709940307
0.222222222222222,0.353705876017393,2,1.66573798821817,246.152105036445
0.222222222222222,0.432381359387237,3,2.61016490508828,197.377402780248
0.222222222222222,0.235178584057054,4,3.39342045082245,191.335784401325
0.222222222222222,0.245087322357944,5,5.23843872107456,112.185870441487
0.222222222222222,0.18443266196505,6,6.60016848828827,97.9490990914141
0.222222222222222,0.190989332554551,7,7.57273335227002,91.7369609605769
0.222222222222222,0.240906706801763,8,7.88160849731861,59.1939592280873
0.222222222222222,0.23098367844124,9,8.45209169838545,92.0684061738387
0.222222222222222,0.175230583604153,10,10,52.630298885934
0.333333333333333,0.334897198488889,1,1.30247675919281,261.890979339578
0.333333333333333,0.370606988978215,2,2.47683415065043,215.521911170695
0.333333333333333,0.281122913898932,3,3.92260735640934,179.248487565641
0.333333333333333,0.291309335037893,4,4.45926126397171,132.679277557186
0.333333333333333,0.352868712067157,5,5.48675364151827,99.0914928642149
0.333333333333333,0.348318431987965,6,5.3896116506409,140.246247008585
0.333333333333333,0.392925582853918,7,6.63200040972589,98.7189968847238
0.333333333333333,0.363319760209292,8,8.32465181768293,65.6568311654537
0.333333333333333,0.405315991026649,9,10,58.1986343181144
0.333333333333333,0.321335901797439,10,10,46.32743645077
0.444444444444444,0.488253422746204,1,0.939273981756843,266.323224425735
0.444444444444444,0.253695156590855,2,2.16287361639106,234.832939481576
0.444444444444444,0.422734147671494,3,3.53748541847343,161.099711137219
0.444444444444444,0.397484564423552,4,4.75440202962584,144.418351008478
0.444444444444444,0.505961269757474,5,5.72334142797437,88.9390921611608
0.444444444444444,0.529172137885173,6,6.71719792001285,71.8153799642158
0.444444444444444,0.35512175282899,7,6.72567768735301,77.8938309161237
0.444444444444444,0.448665210241967,8,7.37748519184979,72.0815150581853
0.444444444444444,0.462647520539873,9,9.07178669943995,57.2237849802462
0.444444444444444,0.421341280819516,10,9.92903196111809,48.1933998863497
0.555555555555556,0.55874603039981,1,1.12074444622612,257.175987441469
0.555555555555556,0.769390527141302,2,2.11503893932119,197.077208456491
0.555555555555556,0.449637130532253,3,3.19886465719799,166.151893404862
0.555555555555556,0.707626880232564,4,3.26280457951742,140.108523930928
0.555555555555556,0.499537721297889,5,5.04023716675606,115.275603842439
0.555555555555556,0.504515306804768,6,5.25782637218085,96.6131783324307
0.555555555555556,0.571272193308484,7,8.6469976418312,37.2739584780828
0.555555555555556,0.54439553618392,8,10,32.3606033125195
0.555555555555556,0.594202120135691,9,6.8986676078387,47.8251251337973
0.555555555555556,0.629932661800946,10,8.70724170356165,30.4605765882206
0.666666666666667,0.380876931721645,1,1.09425266909766,262.969237494848
0.666666666666667,0.622803859146081,2,2.29144868736966,200.828674476487
0.666666666666667,0.762234629893731,3,2.82358555798664,158.436893130414
0.666666666666667,0.596833804656433,4,4.82197699646669,90.7796484317118
0.666666666666667,0.624391575283193,5,3.91276924026651,129.103697614954
0.666666666666667,1,6,10,11.9271613030137
0.666666666666667,0.76517091082669,7,5.04838513877954,58.2796870835799
0.666666666666667,1,8,10,11.9271613030137
0.666666666666667,0.702229264565672,9,8.18084881099966,24.247115056885
0.666666666666667,1,10,10,11.9271613030137
0.777777777777778,0.532717771380516,1,1.35261244322691,249.876733652426
0.777777777777778,0.873333769838067,2,2.13165565887179,188.112588386228
0.777777777777778,0.799116465954533,3,3.01263245489169,136.612683281136
0.777777777777778,0.847870478897901,4,3.90112987668066,82.4304665668336
0.777777777777778,0.879175689220449,5,4.96136238918085,44.4029685397275
0.777777777777778,0.818881825110575,6,5.23136651080319,43.8563243517111
0.777777777777778,0.679614285502245,7,6.95408068557873,39.9146847270361
0.777777777777778,1,8,10,11.9271613030137
0.777777777777778,1,9,10,11.9271613030137
0.777777777777778,1,10,10,11.9271613030137
0.888888888888889,0.808555700678191,1,0.747556016642882,265.97575324517
0.888888888888889,1,2,1.5926308296095,217.075197343667
0.888888888888889,0.941969991244876,3,2.71862385294653,138.353491344018
0.888888888888889,0.783822108180258,4,5.09832909538593,51.9566188977187
0.888888888888889,1,5,10,11.9271613030137
0.888888888888889,0.898231729130579,6,5.32652718626447,35.2584160309891
0.888888888888889,0.804537396629034,7,5.78849656911946,33.4608608264864
0.888888888888889,1,8,10,11.9271613030137
0.888888888888889,1,9,10,11.9271613030137
0.888888888888889,1,10,10,11.9271613030137
1,1,1,1.07755887363496,249.055502613514
1,1,2,1.68312568249485,210.524403035667
1,1,3,2.94038231478858,116.311174169312
1,0.945044599139132,4,3.92732768694894,69.7048528575353
1,1,5,5.64190721628931,25.1957000198537
1,1,6,10,11.9271613030137
1,1,7,10,11.9271613030137
1,1,8,10,11.9271613030137
1,1,9,10,11.9271613030137
1,1,10,10,11.9271613030137
0,0.285107097578886,1,0.0150433525868288,275.29529258941
0,0,2,0,275.297213717955
0,0,3,0,275.297213717955
0,0,4,0,275.297213717955
0,0.328986872635836,5,0,275.297213717955
0,0,6,0,275.297213717955
0,0.540592029212601,7,0.106814321370565,275.170938470718
0,0,8,0,275.297213717955
0,0.528467429020771,9,0.690922372952497,268.894915650701
0,0,10,0,275.297213717955
0.111111111111111,0.0555012486052995,1,1.70100738668346,267.384027582915
0.111111111111111,0.116240367924673,2,2.00356110090697,254.068975716317
0.111111111111111,0.151392115668681,3,2.76392462278135,218.035553151554
0.111111111111111,0.0972058501416223,4,4.74831832542482,184.345926017786
0.111111111111111,0.110053775539503,5,5.29292065054361,152.217324479073
0.111111111111111,0.118090140275057,6,7.24820802863056,102.371975615677
0.111111111111111,0.133664281383102,7,7.55620499000527,77.3230315949957
0.111111111111111,0.104882498891522,8,8.97271567395425,120.362428923716
0.111111111111111,0.106064326447158,9,9.30019079401203,82.9825245312964
0.111111111111111,0.103857080909981,10,9.55683447742834,98.6109251232696
0.222222222222222,0.201565364916613,1,1.29578215652068,257.737160008027
0.222222222222222,0.254015856508117,2,1.65217186018187,249.519004800617
0.222222222222222,0.262677626074851,3,3.64951346366889,144.52156043791
0.222222222222222,0.393719345265553,4,3.58540538060743,164.509066336873
0.222222222222222,0.244787836933394,5,5.83687720820491,115.623277970547
0.222222222222222,0.236890488255879,6,4.99755421241808,143.204645027903
0.222222222222222,0.205448901969455,7,7.12135456114962,87.5320930447997
0.222222222222222,0.250236226319546,8,8.78716566429167,63.4309689620358
0.222222222222222,0.245377571770995,9,8.14730097550388,70.2421105308249
0.222222222222222,0.20295363782339,10,10,42.3928171795976
0.333333333333333,0.277146888902576,1,1.25214560431632,262.856770623384
0.333333333333333,0.375030362600571,2,2.28429187338709,216.552138972852
0.333333333333333,0.279978563503217,3,3.20866811420746,184.621685088177
0.333333333333333,0.260266060953633,4,4.40070494230031,126.193219693603
0.333333333333333,0.32402701370775,5,5.3802967803806,96.1556630364935
0.333333333333333,0.311425328530219,6,7.17702463791736,78.724823009802
0.333333333333333,0.325809535329328,7,6.5978010138289,97.6180153392686
0.333333333333333,0.365697785744456,8,6.29625102150596,73.5797531459636
0.333333333333333,0.242272125996541,9,8.34040156517839,64.2599240060503
0.333333333333333,0.312741957954382,10,10,57.0947884889239
0.444444444444444,0,1,0,275.297213717955
0.444444444444444,0.295373019647306,2,2.22844058214509,237.843800025869
0.444444444444444,0.112652595591616,3,3.75628145072435,220.6383640152
0.444444444444444,0.432499808440843,4,3.88023057714116,116.128923334492
0.444444444444444,0.50270712983032,5,3.85083604823657,144.86335691639
0.444444444444444,0.406713772584225,6,7.53011187371761,71.3280967564237
0.444444444444444,0.431341508103994,7,7.7546108380362,63.7722515878414
0.444444444444444,0.39187105552458,8,8.89850800844557,54.9915479516934
0.444444444444444,0.452814315102748,9,7.56464984799957,71.5525761346765
0.444444444444444,0.459364081611752,10,10,47.3432705667907
0.555555555555556,0.482158236680717,1,1.33471646971128,252.795903892247
0.555555555555556,0.50661787694989,2,2.11199107796234,225.543147565268
0.555555555555556,0.57195392646596,3,2.66687638156278,188.672943022125
0.555555555555556,0.457203161794651,4,3.81636832752206,131.353527746078
0.555555555555556,0.586511517903462,5,4.00955891492126,130.490185358312
0.555555555555556,0.581860050033673,6,5.00523088428279,77.8736491131834
0.555555555555556,0.609282217253164,7,6.04634348852766,63.48307446053
0.555555555555556,0.554589028310401,8,8.3263869386033,49.5932882580226
0.555555555555556,0.561648207206615,9,9.5996348454235,37.8972678257739
0.555555555555556,0.498118933419302,10,10,38.8810899439321
0.666666666666667,1,1,0.780158532680317,262.068239558084
0.666666666666667,0.89420535559399,2,1.77450592807205,210.181651582177
0.666666666666667,0.707811885032615,3,2.63264453695154,166.070352635467
0.666666666666667,0.794362394129651,4,4.55103370721664,66.812634678973
0.666666666666667,0.671909191623821,5,6.11218484050429,48.5600057347917
0.666666666666667,0.599031101108285,6,9.16466492887826,28.5709952113519
0.666666666666667,0.674882650286566,7,6.1702360630007,48.43266056732
0.666666666666667,1,8,10,11.9271613030137
0.666666666666667,0.631563002199597,9,10,19.6942906634642
0.666666666666667,1,10,10,11.9271613030137
0.777777777777778,0.672828720743098,1,0.990680552806198,258.962472758821
0.777777777777778,0.72954627493354,2,1.9286712587657,213.900727878416
0.777777777777778,0.808330480452433,3,3.05448068301002,136.505672732413
0.777777777777778,0.897708173894557,4,4.26978227376564,61.4787208802656
0.777777777777778,0.898955598479616,5,3.63264630810369,90.4779556045869
0.777777777777778,0.824170032126619,6,5.14335146692516,43.7547260580384
0.777777777777778,0.672158362247979,7,7.85727080779097,32.1954552298346
0.777777777777778,1,8,10,11.9271613030137
0.777777777777778,1,9,10,11.9271613030137
0.777777777777778,1,10,10,11.9271613030137
0.888888888888889,1,1,1.28865590731991,237.225994652621
0.888888888888889,1,2,1.68312567552856,210.524403035667
0.888888888888889,0.771462365840102,3,3.07668373484992,136.008286153379
0.888888888888889,0.836932705529248,4,3.71366587541376,89.5191512157767
0.888888888888889,0.894439971832163,5,6.06196328253331,24.8744080420792
0.888888888888889,1,6,4.52178875992261,45.1287963322549
0.888888888888889,1,7,10,11.9271613030137
0.888888888888889,1,8,10,11.9271613030137
0.888888888888889,1,9,10,11.9271613030137
0.888888888888889,1,10,10,11.9271613030137
1,1,1,1.03543337776421,251.168501106915
1,0.797397254160729,2,2.18520565036052,190.931029518023
1,0.998770609350737,3,3.13363184543834,104.176379048938
1,1,4,3.63003909622354,77.2644451156932
1,1,5,4.93806521749113,35.696249215206
1,1,6,10,11.9271613030137
1,1,7,10,11.9271613030137
1,1,8,10,11.9271613030137
1,1,9,10,11.9271613030137
1,1,10,10,11.9271613030137
0,0.159212773436593,1,0,275.297213717955
0,0.127957745369035,2,0,275.297213717955
0,0,3,0,275.297213717955
0,1,4,0.373716352143211,272.516026110679
0,0,5,0,275.297213717955
0,0.00182471970927333,6,7.29503310388785,274.602850478594
0,0,7,0,275.297213717955
0,0,8,0,275.297213717955
0,0,9,0,275.297213717955
0,0,10,0,275.297213717955
0.111111111111111,0,1,0,275.297213717955
0.111111111111111,0.0785112929759604,2,2.06999384748355,255.403919414226
0.111111111111111,0.0756360216475825,3,4.21568893940666,209.397789856959
0.111111111111111,0.137621739981822,4,4.68766202571662,155.480576259805
0.111111111111111,0.109889288418387,5,6.21105752612127,161.697120625105
0.111111111111111,0.100674813009314,6,6.20449581458953,150.513357536413
0.111111111111111,0.096382033842895,7,7.56054009114883,126.213498868913
0.111111111111111,0.108176033462216,8,8.76695452976909,90.799766179414
0.111111111111111,0.0839555228738732,9,9.16432545443801,97.4262209026449
0.111111111111111,0.129038355129067,10,7.29776227850448,111.75051404292
0.222222222222222,0,1,0,275.297213717955
0.222222222222222,0.219586784789554,2,1.3049617870966,260.606326674439
0.222222222222222,0.154857929390566,3,3.57207111845575,189.83981044543
0.222222222222222,0.214516871403065,4,4.366354707966,164.776784041952
0.222222222222222,0.252050114426218,5,4.75537668285239,145.279616440591
0.222222222222222,0.233522582378999,6,7.46020465297897,97.2295579670504
0.222222222222222,0.241222791731834,7,8.47140554743561,63.592489103285
0.222222222222222,0.222225923579381,8,9.67966823060337,72.6945925420314
0.222222222222222,0.182473832408565,9,10,48.604476003518
0.222222222222222,0.231543768893407,10,10,52.4929555664506
0.333333333333333,0.643374019311049,1,0.464467251184379,272.052815083842
0.333333333333333,0.446365436321677,2,1.81990906899162,238.398489165216
0.333333333333333,0.323963711912142,3,3.33788544480363,186.3545394935
0.333333333333333,0.309963623969601,4,4.29442967062636,137.443089217469
0.333333333333333,0.300736521588475,5,5.04748297348044,96.5011553568876
0.333333333333333,0.342184668147947,6,4.48409241886545,145.921886967082
0.333333333333333,0.37885088074158,7,6.9003265290218,68.342211681635
0.333333333333333,0.289960190522913,8,7.64603609126044,74.9591506998361
0.333333333333333,0.366058196985922,9,10,42.4530960936315
0.333333333333333,0.333913671985848,10,10,46.9333605061233
0.444444444444444,0.50894079565791,1,0.681599798393679,269.966585555523
0.444444444444444,0.549487633470798,2,2.35590117223396,202.475273427091
0.444444444444444,0.395136105655722,3,3.18980186500932,196.374417511501
0.444444444444444,0.572552949939296,4,3.41387362239829,152.069483664502
0.444444444444444,0.508865688845403,5,3.97935202022831,141.030692632801
0.444444444444444,0.404568673831699,6,5.74687348926554,125.073244103967
0.444444444444444,0.435144661354871,7,6.40585578524731,78.867833845747
0.444444444444444,0.420184722356734,8,7.73005375886496,70.4995814173024
0.444444444444444,0.477319051794702,9,6.96096729934718,71.2449052098042
0.444444444444444,0.45492547388085,10,10,36.2024294141792
0.555555555555556,0.719084532733349,1,1.03327034939208,257.868426010224
0.555555555555556,0.77065630358246,2,1.60553837054108,227.451526408368
0.555555555555556,0.501125163112008,3,3.2456581254979,163.387492574181
0.555555555555556,0.622280509714874,4,4.61162343037644,94.6620954200084
0.555555555555556,0.690290180990536,5,4.2837141193674,90.6695299090274
0.555555555555556,0.458742871591888,6,6.07833840609081,88.3408890514431
0.555555555555556,0.542052538647895,7,7.22875625661966,49.6557695180782
0.555555555555556,0.489613504946086,8,10,38.5204909627662
0.555555555555556,0.492230609155865,9,10,33.1484930623628
0.555555555555556,0.531222392015124,10,10,33.7484505964053
0.666666666666667,1,1,0.908568669243189,257.001015848647
0.666666666666667,0.581261089688217,2,1.96851158122477,222.443568571635
0.666666666666667,0.662212946472603,3,2.66655131644606,173.041440172424
0.666666666666667,0.542481507404263,4,5.6690198156368,85.361561372117
0.666666666666667,0.632600231661324,5,6.29891743598118,51.1375814703491
0.666666666666667,0.670878989195211,6,8.07846908181818,30.2901210197058
0.666666666666667,0.60113195469769,7,8.72363007386203,33.5203756162488
0.666666666666667,0.76595728143327,8,7.32287091146564,23.0160767126546
0.666666666666667,0.702130754237121,9,8.78990444115097,22.4881102674846
0.666666666666667,0.644976824026505,10,10,20.2554549690518
0.777777777777778,0.499218703261213,1,1.25420824814368,256.415368301871
0.777777777777778,0.784800378812631,2,2.05640716898152,202.137385207693
0.777777777777778,0.798116641913312,3,2.71364918745311,160.646249635761
0.777777777777778,0.672117704087098,4,4.43637590096951,77.3634828820251
0.777777777777778,0.797515282523806,5,4.58472579493619,66.3535691320565
0.777777777777778,0.695059906733179,6,7.05462703396092,30.2146569778629
0.777777777777778,1,7,10,11.9271613030137
0.777777777777778,0.638376149119768,8,10,20.1976688189511
0.777777777777778,0.895400404340612,9,6.05873555214675,24.8778478532546
0.777777777777778,1,10,10,11.9271613030137
0.888888888888889,0.674277357533779,1,0.796508481337614,265.315819704458
0.888888888888889,0.814055272745782,2,2.07746171246515,195.029893801065
0.888888888888889,1,3,2.48490727904901,148.725012546825
0.888888888888889,1,4,3.79548844015099,69.8428545302411
0.888888888888889,1,5,4.5217887330605,45.1287963322549
0.888888888888889,1,6,10,11.9271613030137
0.888888888888889,1,7,10,11.9271613030137
0.888888888888889,1,8,10,11.9271613030137
0.888888888888889,1,9,10,11.9271613030137
0.888888888888889,1,10,10,11.9271613030137
1,1,1,1.03543334767182,251.168501106915
1,0.900779561892425,2,2.01182996530039,195.848974256608
1,0.82755947397979,3,3.72712819513821,96.1462037852719
1,1,4,4.22317758689731,53.8600077435973
1,1,5,4.93806484014607,35.6962492152054
1,0.786794352896587,6,6.20489674242479,33.7800687551393
1,1,7,10,11.9271613030137
1,0.880285207870392,8,6.24258966686421,24.9253519942853
1,1,9,10,11.9271613030137
1,1,10,10,11.9271613030137
